{
    "0": [
        21.538066864013672,
        -1.9405361413955688,
        -215.0857696533203
    ],
    "1": [
        21.538066864013672,
        0.9330809116363525,
        -230.17849731445312
    ],
    "2": [
        21.538066864013672,
        -1.9405361413955688,
        -245.12815856933594
    ],
    "3": [
        22.18471336364746,
        -4.671199798583984,
        -256.0167236328125
    ],
    "4": [
        18.390474319458008,
        -4.671199798583984,
        -264.051513671875
    ],
    "5": [
        5.463046073913574,
        -4.671199798583984,
        -260.4494934082031
    ],
    "6": [
        0.6672549843788147,
        -4.671199798583984,
        -250.88784790039062
    ],
    "7": [
        4.0317511558532715,
        -4.671199798583984,
        -238.28565979003906
    ],
    "8": [
        16.513771057128906,
        -4.671199798583984,
        -231.18359375
    ],
    "9": [
        30.402544021606445,
        -4.671199798583984,
        -224.17691040039062
    ],
    "10": [
        39.23407745361328,
        -4.671199798583984,
        -217.7035369873047
    ],
    "11": [
        43.44695281982422,
        -4.671280860900879,
        -209.48985290527344
    ],
    "12": [
        43.44695281982422,
        -2.0717480182647705,
        -193.470458984375
    ],
    "13": [
        35.66621017456055,
        0.9816802740097046,
        -166.89337158203125
    ],
    "14": [
        17.241756439208984,
        0.9816750288009644,
        -156.22207641601562
    ],
    "15": [
        4.1490888595581055,
        -1.653620958328247,
        -156.22207641601562
    ],
    "16": [
        -12.414271354675293,
        -4.357399940490723,
        -153.74317932128906
    ],
    "17": [
        -22.963146209716797,
        -4.357399940490723,
        -103.63829040527344
    ],
    "18": [
        -22.350704193115234,
        -1.9405361413955688,
        -56.88584899902344
    ],
    "19": [
        -22.350704193115234,
        0.9330809116363525,
        -41.93619918823242
    ],
    "20": [
        -22.350704193115234,
        -1.9405361413955688,
        -26.843467712402344
    ],
    "21": [
        -22.060123443603516,
        -4.357399940490723,
        -16.074918746948242
    ],
    "22": [
        -17.952970504760742,
        -4.357399940490723,
        -8.408562660217285
    ],
    "23": [
        -5.02554178237915,
        -4.357399940490723,
        -12.010566711425781
    ],
    "24": [
        -0.22974908351898193,
        -4.357399940490723,
        -21.57222557067871
    ],
    "25": [
        -3.5942435264587402,
        -4.357399940490723,
        -34.17441177368164
    ],
    "26": [
        -16.076263427734375,
        -4.357399940490723,
        -41.27647399902344
    ],
    "27": [
        -35.31076431274414,
        -4.357399940490723,
        -52.101051330566406
    ],
    "28": [
        -43.252498626708984,
        -4.357400894165039,
        -68.57398986816406
    ],
    "29": [
        -43.56283950805664,
        -0.21957941353321075,
        -84.69464874267578
    ],
    "30": [
        -36.86511993408203,
        0.9816802740097046,
        -105.75434875488281
    ],
    "31": [
        -21.7639102935791,
        0.9816802740097046,
        -117.26190948486328
    ],
    "32": [
        -4.264969348907471,
        -1.653620958328247,
        -117.26190948486328
    ],
    "33": [
        17.161502838134766,
        -4.357399940490723,
        -110.60523986816406
    ],
    "34": [
        21.71913719177246,
        -4.3574018478393555,
        -117.50642395019531
    ],
    "35": [
        24.04419708251953,
        -4.357402801513672,
        -187.1031951904297
    ]
}